project,role_relation,outcome,n_families,mean_directness_contrast,median_directness_contrast,mean_register_contrast,median_register_contrast,mean_interaction_contrast,median_interaction_contrast
GTCL,downward,addressee_responsibility,3,-0.22222222222222218,0.0,-0.11111111111111131,0.0,0.4444444444444445,0.0
GTCL,downward,conflict_severity,3,0.27777777777777773,0.16666666666666652,0.055555555555555504,0.0,-0.11111111111111109,0.0
GTCL,downward,escalation_need,3,0.0,0.0,0.0,0.0,0.0,0.0
GTCL,downward,managerial_intervention_need,3,0.0,0.0,0.0,0.0,0.0,0.0
GTCL,downward,speaker_aggression,3,0.0,0.0,0.0,0.0,0.0,0.0
GTCL,downward,speaker_cooperativeness,3,-0.7222222222222223,-0.6666666666666661,-0.16666666666666666,-0.16666666666666607,-0.3333333333333333,-0.33333333333333304
GTCL,downward,speaker_responsibility,3,0.05555555555555558,0.0,-0.05555555555555558,0.0,-0.11111111111111116,0.0
GTCL,peer,addressee_responsibility,4,-0.04166666666666663,0.08333333333333304,-0.0416666666666663,-0.08333333333333304,-0.08333333333333348,0.0
GTCL,peer,conflict_severity,4,0.0,0.0,-0.08333333333333331,-0.08333333333333326,0.0,0.0
GTCL,peer,escalation_need,4,0.0,0.0,0.0,0.0,0.0,0.0
GTCL,peer,managerial_intervention_need,4,0.0,0.0,0.0,0.0,0.0,0.0
GTCL,peer,speaker_aggression,4,0.04166666666666663,0.0,-0.04166666666666663,0.0,-0.08333333333333331,0.0
GTCL,peer,speaker_cooperativeness,4,-0.7916666666666672,-0.8333333333333339,0.12499999999999956,0.16666666666666607,-0.08333333333333326,-0.16666666666666652
GTCL,peer,speaker_responsibility,4,0.08333333333333326,0.0,-0.08333333333333337,0.0,0.16666666666666669,0.0
GTCL,upward,addressee_responsibility,3,0.16666666666666638,0.16666666666666607,-0.05555555555555566,0.0,0.11111111111111101,0.0
GTCL,upward,conflict_severity,3,0.055555555555555504,0.0,0.055555555555555504,0.0,-0.11111111111111109,0.0
GTCL,upward,escalation_need,3,0.0,0.0,0.0,0.0,0.0,0.0
GTCL,upward,managerial_intervention_need,3,0.0,0.0,0.0,0.0,0.0,0.0
GTCL,upward,speaker_aggression,3,0.22222222222222218,0.16666666666666652,-0.22222222222222218,-0.16666666666666652,-0.4444444444444444,-0.33333333333333326
GTCL,upward,speaker_cooperativeness,3,-0.7222222222222229,-0.6666666666666679,-0.05555555555555536,0.0,-0.33333333333333304,-0.33333333333333304
GTCL,upward,speaker_responsibility,3,-0.11111111111111116,0.0,-0.11111111111111116,0.0,0.22222222222222224,0.0
