project,family_id,condition,category,count,proportion
GTCL,GTCL_001,DC,collaborative_problem_solving,1,0.3333333333333333
GTCL,GTCL_001,DC,direct_clarification,2,0.6666666666666666
GTCL,GTCL_001,DI,collaborative_problem_solving,1,0.3333333333333333
GTCL,GTCL_001,DI,direct_clarification,2,0.6666666666666666
GTCL,GTCL_001,MC,collaborative_problem_solving,1,0.3333333333333333
GTCL,GTCL_001,MC,direct_clarification,2,0.6666666666666666
GTCL,GTCL_001,MI,collaborative_problem_solving,3,1.0
GTCL,GTCL_001,MI,direct_clarification,0,0.0
GTCL,GTCL_002,DC,collaborative_problem_solving,0,0.0
GTCL,GTCL_002,DC,direct_clarification,3,1.0
GTCL,GTCL_002,DI,collaborative_problem_solving,0,0.0
GTCL,GTCL_002,DI,direct_clarification,3,1.0
GTCL,GTCL_002,MC,collaborative_problem_solving,0,0.0
GTCL,GTCL_002,MC,direct_clarification,3,1.0
GTCL,GTCL_002,MI,collaborative_problem_solving,0,0.0
GTCL,GTCL_002,MI,direct_clarification,3,1.0
GTCL,GTCL_003,DC,collaborative_problem_solving,0,0.0
GTCL,GTCL_003,DC,direct_clarification,3,1.0
GTCL,GTCL_003,DI,collaborative_problem_solving,1,0.3333333333333333
GTCL,GTCL_003,DI,direct_clarification,2,0.6666666666666666
GTCL,GTCL_003,MC,collaborative_problem_solving,1,0.3333333333333333
GTCL,GTCL_003,MC,direct_clarification,2,0.6666666666666666
GTCL,GTCL_003,MI,collaborative_problem_solving,0,0.0
GTCL,GTCL_003,MI,direct_clarification,3,1.0
GTCL,GTCL_004,DC,collaborative_problem_solving,0,0.0
GTCL,GTCL_004,DC,direct_clarification,3,1.0
GTCL,GTCL_004,DI,collaborative_problem_solving,0,0.0
GTCL,GTCL_004,DI,direct_clarification,3,1.0
GTCL,GTCL_004,MC,collaborative_problem_solving,0,0.0
GTCL,GTCL_004,MC,direct_clarification,3,1.0
GTCL,GTCL_004,MI,collaborative_problem_solving,1,0.3333333333333333
GTCL,GTCL_004,MI,direct_clarification,2,0.6666666666666666
GTCL,GTCL_005,DC,collaborative_problem_solving,3,1.0
GTCL,GTCL_005,DC,direct_clarification,0,0.0
GTCL,GTCL_005,DI,collaborative_problem_solving,3,1.0
GTCL,GTCL_005,DI,direct_clarification,0,0.0
GTCL,GTCL_005,MC,collaborative_problem_solving,3,1.0
GTCL,GTCL_005,MC,direct_clarification,0,0.0
GTCL,GTCL_005,MI,collaborative_problem_solving,3,1.0
GTCL,GTCL_005,MI,direct_clarification,0,0.0
GTCL,GTCL_006,DC,collaborative_problem_solving,1,0.3333333333333333
GTCL,GTCL_006,DC,direct_clarification,2,0.6666666666666666
GTCL,GTCL_006,DI,collaborative_problem_solving,0,0.0
GTCL,GTCL_006,DI,direct_clarification,3,1.0
GTCL,GTCL_006,MC,collaborative_problem_solving,0,0.0
GTCL,GTCL_006,MC,direct_clarification,3,1.0
GTCL,GTCL_006,MI,collaborative_problem_solving,1,0.3333333333333333
GTCL,GTCL_006,MI,direct_clarification,2,0.6666666666666666
GTCL,GTCL_007,DC,collaborative_problem_solving,2,0.6666666666666666
GTCL,GTCL_007,DC,direct_clarification,1,0.3333333333333333
GTCL,GTCL_007,DI,collaborative_problem_solving,3,1.0
GTCL,GTCL_007,DI,direct_clarification,0,0.0
GTCL,GTCL_007,MC,collaborative_problem_solving,2,0.6666666666666666
GTCL,GTCL_007,MC,direct_clarification,1,0.3333333333333333
GTCL,GTCL_007,MI,collaborative_problem_solving,2,0.6666666666666666
GTCL,GTCL_007,MI,direct_clarification,1,0.3333333333333333
GTCL,GTCL_008,DC,collaborative_problem_solving,1,0.3333333333333333
GTCL,GTCL_008,DC,direct_clarification,2,0.6666666666666666
GTCL,GTCL_008,DI,collaborative_problem_solving,0,0.0
GTCL,GTCL_008,DI,direct_clarification,3,1.0
GTCL,GTCL_008,MC,collaborative_problem_solving,0,0.0
GTCL,GTCL_008,MC,direct_clarification,3,1.0
GTCL,GTCL_008,MI,collaborative_problem_solving,0,0.0
GTCL,GTCL_008,MI,direct_clarification,3,1.0
GTCL,GTCL_009,DC,collaborative_problem_solving,0,0.0
GTCL,GTCL_009,DC,direct_clarification,3,1.0
GTCL,GTCL_009,DI,collaborative_problem_solving,0,0.0
GTCL,GTCL_009,DI,direct_clarification,3,1.0
GTCL,GTCL_009,MC,collaborative_problem_solving,0,0.0
GTCL,GTCL_009,MC,direct_clarification,3,1.0
GTCL,GTCL_009,MI,collaborative_problem_solving,0,0.0
GTCL,GTCL_009,MI,direct_clarification,3,1.0
GTCL,GTCL_010,DC,collaborative_problem_solving,2,0.6666666666666666
GTCL,GTCL_010,DC,direct_clarification,1,0.3333333333333333
GTCL,GTCL_010,DI,collaborative_problem_solving,3,1.0
GTCL,GTCL_010,DI,direct_clarification,0,0.0
GTCL,GTCL_010,MC,collaborative_problem_solving,2,0.6666666666666666
GTCL,GTCL_010,MC,direct_clarification,1,0.3333333333333333
GTCL,GTCL_010,MI,collaborative_problem_solving,3,1.0
GTCL,GTCL_010,MI,direct_clarification,0,0.0
