project,system_id,model,reasoning,outcome,contrast,n_families,mean_contrast,median_contrast,bootstrap_ci_low_95,bootstrap_ci_high_95,exact_signflip_p,bh_fdr_p,reject_bh_0_05,bootstrap_resamples,bootstrap_seed
GTCL,gemini_web_ui,3.6 Flash,web_ui_selected_model,conflict_severity,directness,10,0.09999999999999998,0.0,-0.016666666666666653,0.25,0.3125,0.625,False,10000,2026092803
GTCL,gemini_web_ui,3.6 Flash,web_ui_selected_model,conflict_severity,register,10,-2.2204460492503132e-17,0.0,-0.09999999999999998,0.08333333333333326,1.0,1.0,False,10000,2026092803
GTCL,gemini_web_ui,3.6 Flash,web_ui_selected_model,conflict_severity,interaction,10,-0.06666666666666665,0.0,-0.19999999999999996,0.06666666666666665,0.625,0.9791666666666666,False,10000,2026092803
GTCL,gemini_web_ui,3.6 Flash,web_ui_selected_model,speaker_aggression,directness,10,0.0833333333333333,0.0,0.0,0.19999999999999996,0.25,0.6,False,10000,2026092803
GTCL,gemini_web_ui,3.6 Flash,web_ui_selected_model,speaker_aggression,register,10,-0.0833333333333333,0.0,-0.1833333333333333,0.0,0.25,0.6,False,10000,2026092803
GTCL,gemini_web_ui,3.6 Flash,web_ui_selected_model,speaker_aggression,interaction,10,-0.16666666666666666,0.0,-0.4,0.0,0.25,0.6,False,10000,2026092803
GTCL,gemini_web_ui,3.6 Flash,web_ui_selected_model,speaker_cooperativeness,directness,10,-0.7500000000000004,-0.7500000000000009,-0.8666666666666671,-0.6166666666666675,0.001953125,0.0234375,True,10000,2026092803
GTCL,gemini_web_ui,3.6 Flash,web_ui_selected_model,speaker_cooperativeness,register,10,-0.016666666666666784,0.0,-0.11666666666666678,0.08333333333333304,1.0,1.0,False,10000,2026092803
GTCL,gemini_web_ui,3.6 Flash,web_ui_selected_model,speaker_cooperativeness,interaction,10,-0.23333333333333323,-0.33333333333333304,-0.4,-0.033333333333333395,0.09375,0.5625,False,10000,2026092803
GTCL,gemini_web_ui,3.6 Flash,web_ui_selected_model,addressee_responsibility,directness,10,-0.033333333333333395,0.0,-0.25000000000000006,0.15000000000000008,0.875,1.0,False,10000,2026092803
GTCL,gemini_web_ui,3.6 Flash,web_ui_selected_model,addressee_responsibility,register,10,-0.06666666666666661,0.0,-0.3333333333333333,0.1833333333333333,0.734375,0.9791666666666666,False,10000,2026092803
GTCL,gemini_web_ui,3.6 Flash,web_ui_selected_model,addressee_responsibility,interaction,10,0.13333333333333325,0.0,-0.2666666666666667,0.5999999999999996,0.6875,0.9791666666666666,False,10000,2026092803
