project,system_id,model,reasoning,outcome,contrast,n_families,mean_contrast,median_contrast,bootstrap_ci_low_95,bootstrap_ci_high_95,exact_signflip_p,holm_p_9tests,reject_holm_0_05,bootstrap_resamples,bootstrap_seed
GTCL,gemini_web_ui,3.6 Flash,web_ui_selected_model,speaker_responsibility,directness,10,0.01666666666666663,0.0,-0.1333333333333334,0.1999999999999999,1.0,1.0,False,10000,2026092803
GTCL,gemini_web_ui,3.6 Flash,web_ui_selected_model,speaker_responsibility,register,10,-0.08333333333333337,0.0,-0.16666666666666674,0.0,0.25,1.0,False,10000,2026092803
GTCL,gemini_web_ui,3.6 Flash,web_ui_selected_model,speaker_responsibility,interaction,10,0.1,0.0,-0.0666666666666667,0.3,0.5,1.0,False,10000,2026092803
GTCL,gemini_web_ui,3.6 Flash,web_ui_selected_model,escalation_need,directness,10,0.0,0.0,0.0,0.0,1.0,1.0,False,10000,2026092803
GTCL,gemini_web_ui,3.6 Flash,web_ui_selected_model,escalation_need,register,10,0.0,0.0,0.0,0.0,1.0,1.0,False,10000,2026092803
GTCL,gemini_web_ui,3.6 Flash,web_ui_selected_model,escalation_need,interaction,10,0.0,0.0,0.0,0.0,1.0,1.0,False,10000,2026092803
GTCL,gemini_web_ui,3.6 Flash,web_ui_selected_model,managerial_intervention_need,directness,10,0.0,0.0,0.0,0.0,1.0,1.0,False,10000,2026092803
GTCL,gemini_web_ui,3.6 Flash,web_ui_selected_model,managerial_intervention_need,register,10,0.0,0.0,0.0,0.0,1.0,1.0,False,10000,2026092803
GTCL,gemini_web_ui,3.6 Flash,web_ui_selected_model,managerial_intervention_need,interaction,10,0.0,0.0,0.0,0.0,1.0,1.0,False,10000,2026092803
