system_id,model,reasoning,family_id,condition,directness,register,addressee_responsibility,conflict_severity,escalation_need,managerial_intervention_need,speaker_aggression,speaker_cooperativeness,speaker_responsibility,n_replicates
gemini_web_ui,3.6 Flash,web_ui_selected_model,GTCL_001,DC,direct,conversational,5.0,2.0,1.0,1.0,1.3333333333333333,5.0,1.0,3
gemini_web_ui,3.6 Flash,web_ui_selected_model,GTCL_001,DI,direct,institutional,5.0,2.0,1.0,1.0,1.0,5.0,1.0,3
gemini_web_ui,3.6 Flash,web_ui_selected_model,GTCL_001,MC,mitigated,conversational,4.333333333333333,1.6666666666666667,1.0,1.0,1.0,5.666666666666667,1.6666666666666667,3
gemini_web_ui,3.6 Flash,web_ui_selected_model,GTCL_001,MI,mitigated,institutional,5.0,2.0,1.0,1.0,1.0,6.0,1.0,3
gemini_web_ui,3.6 Flash,web_ui_selected_model,GTCL_002,DC,direct,conversational,4.333333333333333,1.3333333333333333,1.0,1.0,1.0,5.0,1.0,3
gemini_web_ui,3.6 Flash,web_ui_selected_model,GTCL_002,DI,direct,institutional,4.0,1.0,1.0,1.0,1.0,5.0,1.0,3
gemini_web_ui,3.6 Flash,web_ui_selected_model,GTCL_002,MC,mitigated,conversational,4.333333333333333,1.3333333333333333,1.0,1.0,1.0,5.666666666666667,1.0,3
gemini_web_ui,3.6 Flash,web_ui_selected_model,GTCL_002,MI,mitigated,institutional,4.0,1.0,1.0,1.0,1.0,6.0,1.0,3
gemini_web_ui,3.6 Flash,web_ui_selected_model,GTCL_003,DC,direct,conversational,3.0,1.0,1.0,1.0,1.0,5.0,3.0,3
gemini_web_ui,3.6 Flash,web_ui_selected_model,GTCL_003,DI,direct,institutional,3.0,1.0,1.0,1.0,1.0,5.333333333333333,3.0,3
gemini_web_ui,3.6 Flash,web_ui_selected_model,GTCL_003,MC,mitigated,conversational,3.6666666666666665,1.3333333333333333,1.0,1.0,1.0,5.666666666666667,2.3333333333333335,3
gemini_web_ui,3.6 Flash,web_ui_selected_model,GTCL_003,MI,mitigated,institutional,3.6666666666666665,1.0,1.0,1.0,1.0,5.666666666666667,2.3333333333333335,3
gemini_web_ui,3.6 Flash,web_ui_selected_model,GTCL_004,DC,direct,conversational,5.0,2.0,1.0,1.0,1.0,5.0,1.0,3
gemini_web_ui,3.6 Flash,web_ui_selected_model,GTCL_004,DI,direct,institutional,5.0,2.0,1.0,1.0,1.0,5.0,1.0,3
gemini_web_ui,3.6 Flash,web_ui_selected_model,GTCL_004,MC,mitigated,conversational,5.0,2.0,1.0,1.0,1.0,6.0,1.0,3
gemini_web_ui,3.6 Flash,web_ui_selected_model,GTCL_004,MI,mitigated,institutional,4.666666666666667,2.0,1.0,1.0,1.0,6.0,1.0,3
gemini_web_ui,3.6 Flash,web_ui_selected_model,GTCL_005,DC,direct,conversational,4.0,2.0,1.0,1.0,2.0,5.0,1.0,3
gemini_web_ui,3.6 Flash,web_ui_selected_model,GTCL_005,DI,direct,institutional,4.0,2.0,1.0,1.0,1.0,5.0,1.0,3
gemini_web_ui,3.6 Flash,web_ui_selected_model,GTCL_005,MC,mitigated,conversational,4.0,2.0,1.0,1.0,1.0,6.0,1.0,3
gemini_web_ui,3.6 Flash,web_ui_selected_model,GTCL_005,MI,mitigated,institutional,4.0,2.0,1.0,1.0,1.0,6.0,1.0,3
gemini_web_ui,3.6 Flash,web_ui_selected_model,GTCL_006,DC,direct,conversational,4.0,2.0,1.0,1.0,1.0,5.333333333333333,1.0,3
gemini_web_ui,3.6 Flash,web_ui_selected_model,GTCL_006,DI,direct,institutional,4.333333333333333,2.0,1.0,1.0,1.0,5.0,1.0,3
gemini_web_ui,3.6 Flash,web_ui_selected_model,GTCL_006,MC,mitigated,conversational,4.333333333333333,2.0,1.0,1.0,1.0,5.666666666666667,1.0,3
gemini_web_ui,3.6 Flash,web_ui_selected_model,GTCL_006,MI,mitigated,institutional,3.3333333333333335,2.0,1.0,1.0,1.0,5.666666666666667,1.0,3
gemini_web_ui,3.6 Flash,web_ui_selected_model,GTCL_007,DC,direct,conversational,4.333333333333333,2.0,1.0,1.0,1.3333333333333333,5.333333333333333,1.0,3
gemini_web_ui,3.6 Flash,web_ui_selected_model,GTCL_007,DI,direct,institutional,4.0,2.0,1.0,1.0,1.0,5.0,1.0,3
gemini_web_ui,3.6 Flash,web_ui_selected_model,GTCL_007,MC,mitigated,conversational,3.6666666666666665,1.6666666666666667,1.0,1.0,1.0,5.666666666666667,1.6666666666666667,3
gemini_web_ui,3.6 Flash,web_ui_selected_model,GTCL_007,MI,mitigated,institutional,4.333333333333333,2.0,1.0,1.0,1.0,6.0,1.0,3
gemini_web_ui,3.6 Flash,web_ui_selected_model,GTCL_008,DC,direct,conversational,3.6666666666666665,1.6666666666666667,1.0,1.0,1.0,5.666666666666667,1.0,3
gemini_web_ui,3.6 Flash,web_ui_selected_model,GTCL_008,DI,direct,institutional,5.0,1.6666666666666667,1.0,1.0,1.0,5.0,1.0,3
gemini_web_ui,3.6 Flash,web_ui_selected_model,GTCL_008,MC,mitigated,conversational,4.333333333333333,1.0,1.0,1.0,1.0,6.0,1.0,3
gemini_web_ui,3.6 Flash,web_ui_selected_model,GTCL_008,MI,mitigated,institutional,4.333333333333333,1.0,1.0,1.0,1.0,6.0,1.0,3
gemini_web_ui,3.6 Flash,web_ui_selected_model,GTCL_009,DC,direct,conversational,5.0,2.0,1.0,1.0,1.0,5.0,1.0,3
gemini_web_ui,3.6 Flash,web_ui_selected_model,GTCL_009,DI,direct,institutional,5.0,2.0,1.0,1.0,1.0,5.0,1.0,3
gemini_web_ui,3.6 Flash,web_ui_selected_model,GTCL_009,MC,mitigated,conversational,5.0,2.0,1.0,1.0,1.0,6.0,1.0,3
gemini_web_ui,3.6 Flash,web_ui_selected_model,GTCL_009,MI,mitigated,institutional,5.0,2.0,1.0,1.0,1.0,6.0,1.0,3
gemini_web_ui,3.6 Flash,web_ui_selected_model,GTCL_010,DC,direct,conversational,3.0,2.0,1.0,1.0,1.0,5.333333333333333,1.6666666666666667,3
gemini_web_ui,3.6 Flash,web_ui_selected_model,GTCL_010,DI,direct,institutional,2.0,2.0,1.0,1.0,1.0,5.0,1.3333333333333333,3
gemini_web_ui,3.6 Flash,web_ui_selected_model,GTCL_010,MC,mitigated,conversational,3.6666666666666665,1.6666666666666667,1.0,1.0,1.0,5.666666666666667,1.3333333333333333,3
gemini_web_ui,3.6 Flash,web_ui_selected_model,GTCL_010,MI,mitigated,institutional,2.6666666666666665,2.0,1.0,1.0,1.0,5.666666666666667,1.3333333333333333,3
