execution_id,system_id,model,reasoning,family_id,condition,directness,register,replicate,addressee_responsibility,conflict_severity,escalation_need,managerial_intervention_need,speaker_aggression,speaker_cooperativeness,speaker_responsibility,recommended_strategy
gemini_web_ui__GTCLZC_0001,gemini_web_ui,3.6 Flash,web_ui_selected_model,GTCL_004,DI,direct,institutional,3,5,2,1,1,1,5,1,direct_clarification
gemini_web_ui__GTCLZC_0002,gemini_web_ui,3.6 Flash,web_ui_selected_model,GTCL_002,MC,mitigated,conversational,2,4,1,1,1,1,6,1,direct_clarification
gemini_web_ui__GTCLZC_0003,gemini_web_ui,3.6 Flash,web_ui_selected_model,GTCL_008,MI,mitigated,institutional,3,4,1,1,1,1,6,1,direct_clarification
gemini_web_ui__GTCLZC_0004,gemini_web_ui,3.6 Flash,web_ui_selected_model,GTCL_006,MC,mitigated,conversational,3,4,2,1,1,1,5,1,direct_clarification
gemini_web_ui__GTCLZC_0005,gemini_web_ui,3.6 Flash,web_ui_selected_model,GTCL_008,MC,mitigated,conversational,2,4,1,1,1,1,6,1,direct_clarification
gemini_web_ui__GTCLZC_0006,gemini_web_ui,3.6 Flash,web_ui_selected_model,GTCL_009,DI,direct,institutional,1,5,2,1,1,1,5,1,direct_clarification
gemini_web_ui__GTCLZC_0007,gemini_web_ui,3.6 Flash,web_ui_selected_model,GTCL_007,MC,mitigated,conversational,1,4,2,1,1,1,6,1,collaborative_problem_solving
gemini_web_ui__GTCLZC_0008,gemini_web_ui,3.6 Flash,web_ui_selected_model,GTCL_001,MI,mitigated,institutional,3,5,2,1,1,1,6,1,collaborative_problem_solving
gemini_web_ui__GTCLZC_0009,gemini_web_ui,3.6 Flash,web_ui_selected_model,GTCL_005,MI,mitigated,institutional,2,4,2,1,1,1,6,1,collaborative_problem_solving
gemini_web_ui__GTCLZC_0010,gemini_web_ui,3.6 Flash,web_ui_selected_model,GTCL_001,MI,mitigated,institutional,1,5,2,1,1,1,6,1,collaborative_problem_solving
gemini_web_ui__GTCLZC_0011,gemini_web_ui,3.6 Flash,web_ui_selected_model,GTCL_003,MC,mitigated,conversational,2,3,1,1,1,1,6,3,collaborative_problem_solving
gemini_web_ui__GTCLZC_0012,gemini_web_ui,3.6 Flash,web_ui_selected_model,GTCL_001,DC,direct,conversational,3,5,2,1,1,2,5,1,collaborative_problem_solving
gemini_web_ui__GTCLZC_0013,gemini_web_ui,3.6 Flash,web_ui_selected_model,GTCL_008,MC,mitigated,conversational,3,4,1,1,1,1,6,1,direct_clarification
gemini_web_ui__GTCLZC_0014,gemini_web_ui,3.6 Flash,web_ui_selected_model,GTCL_006,MI,mitigated,institutional,3,4,2,1,1,1,5,1,direct_clarification
gemini_web_ui__GTCLZC_0015,gemini_web_ui,3.6 Flash,web_ui_selected_model,GTCL_002,DC,direct,conversational,2,4,1,1,1,1,5,1,direct_clarification
gemini_web_ui__GTCLZC_0016,gemini_web_ui,3.6 Flash,web_ui_selected_model,GTCL_004,MI,mitigated,institutional,3,5,2,1,1,1,6,1,direct_clarification
gemini_web_ui__GTCLZC_0017,gemini_web_ui,3.6 Flash,web_ui_selected_model,GTCL_006,DC,direct,conversational,3,4,2,1,1,1,5,1,direct_clarification
gemini_web_ui__GTCLZC_0018,gemini_web_ui,3.6 Flash,web_ui_selected_model,GTCL_009,DC,direct,conversational,2,5,2,1,1,1,5,1,direct_clarification
gemini_web_ui__GTCLZC_0019,gemini_web_ui,3.6 Flash,web_ui_selected_model,GTCL_002,MC,mitigated,conversational,1,5,2,1,1,1,5,1,direct_clarification
gemini_web_ui__GTCLZC_0020,gemini_web_ui,3.6 Flash,web_ui_selected_model,GTCL_008,DC,direct,conversational,1,4,1,1,1,1,5,1,direct_clarification
gemini_web_ui__GTCLZC_0021,gemini_web_ui,3.6 Flash,web_ui_selected_model,GTCL_004,DC,direct,conversational,2,5,2,1,1,1,5,1,direct_clarification
gemini_web_ui__GTCLZC_0022,gemini_web_ui,3.6 Flash,web_ui_selected_model,GTCL_005,DI,direct,institutional,2,4,2,1,1,1,5,1,collaborative_problem_solving
gemini_web_ui__GTCLZC_0023,gemini_web_ui,3.6 Flash,web_ui_selected_model,GTCL_005,MI,mitigated,institutional,1,4,2,1,1,1,6,1,collaborative_problem_solving
gemini_web_ui__GTCLZC_0024,gemini_web_ui,3.6 Flash,web_ui_selected_model,GTCL_007,DC,direct,conversational,3,4,2,1,1,1,5,1,collaborative_problem_solving
gemini_web_ui__GTCLZC_0025,gemini_web_ui,3.6 Flash,web_ui_selected_model,GTCL_009,MC,mitigated,conversational,3,5,2,1,1,1,6,1,direct_clarification
gemini_web_ui__GTCLZC_0026,gemini_web_ui,3.6 Flash,web_ui_selected_model,GTCL_010,MI,mitigated,institutional,3,2,2,1,1,1,6,2,collaborative_problem_solving
gemini_web_ui__GTCLZC_0027,gemini_web_ui,3.6 Flash,web_ui_selected_model,GTCL_007,DI,direct,institutional,2,4,2,1,1,1,5,1,collaborative_problem_solving
gemini_web_ui__GTCLZC_0028,gemini_web_ui,3.6 Flash,web_ui_selected_model,GTCL_006,DC,direct,conversational,1,4,2,1,1,1,5,1,direct_clarification
gemini_web_ui__GTCLZC_0029,gemini_web_ui,3.6 Flash,web_ui_selected_model,GTCL_002,DI,direct,institutional,3,4,1,1,1,1,5,1,direct_clarification
gemini_web_ui__GTCLZC_0030,gemini_web_ui,3.6 Flash,web_ui_selected_model,GTCL_003,DI,direct,institutional,3,3,1,1,1,1,6,3,collaborative_problem_solving
gemini_web_ui__GTCLZC_0031,gemini_web_ui,3.6 Flash,web_ui_selected_model,GTCL_002,DI,direct,institutional,2,4,1,1,1,1,5,1,direct_clarification
gemini_web_ui__GTCLZC_0032,gemini_web_ui,3.6 Flash,web_ui_selected_model,GTCL_005,MC,mitigated,conversational,2,4,2,1,1,1,6,1,collaborative_problem_solving
gemini_web_ui__GTCLZC_0033,gemini_web_ui,3.6 Flash,web_ui_selected_model,GTCL_006,DI,direct,institutional,1,4,2,1,1,1,5,1,direct_clarification
gemini_web_ui__GTCLZC_0034,gemini_web_ui,3.6 Flash,web_ui_selected_model,GTCL_004,MC,mitigated,conversational,2,5,2,1,1,1,6,1,direct_clarification
gemini_web_ui__GTCLZC_0035,gemini_web_ui,3.6 Flash,web_ui_selected_model,GTCL_007,MI,mitigated,institutional,1,4,2,1,1,1,6,1,collaborative_problem_solving
gemini_web_ui__GTCLZC_0036,gemini_web_ui,3.6 Flash,web_ui_selected_model,GTCL_010,MC,mitigated,conversational,3,2,2,1,1,1,6,2,collaborative_problem_solving
gemini_web_ui__GTCLZC_0037,gemini_web_ui,3.6 Flash,web_ui_selected_model,GTCL_006,MI,mitigated,institutional,1,4,2,1,1,1,6,1,direct_clarification
gemini_web_ui__GTCLZC_0038,gemini_web_ui,3.6 Flash,web_ui_selected_model,GTCL_010,DC,direct,conversational,1,2,2,1,1,1,5,2,collaborative_problem_solving
gemini_web_ui__GTCLZC_0039,gemini_web_ui,3.6 Flash,web_ui_selected_model,GTCL_009,DI,direct,institutional,3,5,2,1,1,1,5,1,direct_clarification
gemini_web_ui__GTCLZC_0040,gemini_web_ui,3.6 Flash,web_ui_selected_model,GTCL_001,MC,mitigated,conversational,3,5,2,1,1,1,6,1,collaborative_problem_solving
gemini_web_ui__GTCLZC_0041,gemini_web_ui,3.6 Flash,web_ui_selected_model,GTCL_004,DI,direct,institutional,1,5,2,1,1,1,5,1,direct_clarification
gemini_web_ui__GTCLZC_0042,gemini_web_ui,3.6 Flash,web_ui_selected_model,GTCL_001,MI,mitigated,institutional,2,5,2,1,1,1,6,1,collaborative_problem_solving
gemini_web_ui__GTCLZC_0043,gemini_web_ui,3.6 Flash,web_ui_selected_model,GTCL_002,MC,mitigated,conversational,3,4,1,1,1,1,6,1,direct_clarification
gemini_web_ui__GTCLZC_0044,gemini_web_ui,3.6 Flash,web_ui_selected_model,GTCL_002,MI,mitigated,institutional,3,4,1,1,1,1,6,1,direct_clarification
gemini_web_ui__GTCLZC_0045,gemini_web_ui,3.6 Flash,web_ui_selected_model,GTCL_001,DI,direct,institutional,3,5,2,1,1,1,5,1,collaborative_problem_solving
gemini_web_ui__GTCLZC_0046,gemini_web_ui,3.6 Flash,web_ui_selected_model,GTCL_004,DI,direct,institutional,2,5,2,1,1,1,5,1,direct_clarification
gemini_web_ui__GTCLZC_0047,gemini_web_ui,3.6 Flash,web_ui_selected_model,GTCL_008,MI,mitigated,institutional,2,4,1,1,1,1,6,1,direct_clarification
gemini_web_ui__GTCLZC_0048,gemini_web_ui,3.6 Flash,web_ui_selected_model,GTCL_006,MC,mitigated,conversational,1,4,2,1,1,1,6,1,direct_clarification
gemini_web_ui__GTCLZC_0049,gemini_web_ui,3.6 Flash,web_ui_selected_model,GTCL_005,DC,direct,conversational,2,4,2,1,1,2,5,1,collaborative_problem_solving
gemini_web_ui__GTCLZC_0050,gemini_web_ui,3.6 Flash,web_ui_selected_model,GTCL_010,DC,direct,conversational,3,2,2,1,1,1,5,2,collaborative_problem_solving
gemini_web_ui__GTCLZC_0051,gemini_web_ui,3.6 Flash,web_ui_selected_model,GTCL_007,MI,mitigated,institutional,2,4,2,1,1,1,6,1,collaborative_problem_solving
gemini_web_ui__GTCLZC_0052,gemini_web_ui,3.6 Flash,web_ui_selected_model,GTCL_005,DI,direct,institutional,3,4,2,1,1,1,5,1,collaborative_problem_solving
gemini_web_ui__GTCLZC_0053,gemini_web_ui,3.6 Flash,web_ui_selected_model,GTCL_010,DI,direct,institutional,3,2,2,1,1,1,5,2,collaborative_problem_solving
gemini_web_ui__GTCLZC_0054,gemini_web_ui,3.6 Flash,web_ui_selected_model,GTCL_004,MI,mitigated,institutional,2,5,2,1,1,1,6,1,direct_clarification
gemini_web_ui__GTCLZC_0055,gemini_web_ui,3.6 Flash,web_ui_selected_model,GTCL_007,DC,direct,conversational,1,4,2,1,1,2,5,1,collaborative_problem_solving
gemini_web_ui__GTCLZC_0056,gemini_web_ui,3.6 Flash,web_ui_selected_model,GTCL_004,DC,direct,conversational,3,5,2,1,1,1,5,1,direct_clarification
gemini_web_ui__GTCLZC_0057,gemini_web_ui,3.6 Flash,web_ui_selected_model,GTCL_009,MC,mitigated,conversational,2,5,2,1,1,1,6,1,direct_clarification
gemini_web_ui__GTCLZC_0058,gemini_web_ui,3.6 Flash,web_ui_selected_model,GTCL_009,MI,mitigated,institutional,3,5,2,1,1,1,6,1,direct_clarification
gemini_web_ui__GTCLZC_0059,gemini_web_ui,3.6 Flash,web_ui_selected_model,GTCL_002,DI,direct,institutional,1,4,1,1,1,1,5,1,direct_clarification
gemini_web_ui__GTCLZC_0060,gemini_web_ui,3.6 Flash,web_ui_selected_model,GTCL_005,DC,direct,conversational,1,4,2,1,1,2,5,1,collaborative_problem_solving
gemini_web_ui__GTCLZC_0061,gemini_web_ui,3.6 Flash,web_ui_selected_model,GTCL_005,DC,direct,conversational,3,4,2,1,1,2,5,1,collaborative_problem_solving
gemini_web_ui__GTCLZC_0062,gemini_web_ui,3.6 Flash,web_ui_selected_model,GTCL_009,MI,mitigated,institutional,1,5,2,1,1,1,6,1,direct_clarification
gemini_web_ui__GTCLZC_0063,gemini_web_ui,3.6 Flash,web_ui_selected_model,GTCL_002,DC,direct,conversational,3,4,1,1,1,1,5,1,direct_clarification
gemini_web_ui__GTCLZC_0064,gemini_web_ui,3.6 Flash,web_ui_selected_model,GTCL_001,MC,mitigated,conversational,1,5,2,1,1,1,6,1,direct_clarification
gemini_web_ui__GTCLZC_0065,gemini_web_ui,3.6 Flash,web_ui_selected_model,GTCL_006,DI,direct,institutional,2,4,2,1,1,1,5,1,direct_clarification
gemini_web_ui__GTCLZC_0066,gemini_web_ui,3.6 Flash,web_ui_selected_model,GTCL_004,MC,mitigated,conversational,3,5,2,1,1,1,6,1,direct_clarification
gemini_web_ui__GTCLZC_0067,gemini_web_ui,3.6 Flash,web_ui_selected_model,GTCL_001,DC,direct,conversational,2,5,2,1,1,1,5,1,direct_clarification
gemini_web_ui__GTCLZC_0068,gemini_web_ui,3.6 Flash,web_ui_selected_model,GTCL_001,DC,direct,conversational,1,5,2,1,1,1,5,1,direct_clarification
gemini_web_ui__GTCLZC_0069,gemini_web_ui,3.6 Flash,web_ui_selected_model,GTCL_005,MC,mitigated,conversational,1,4,2,1,1,1,6,1,collaborative_problem_solving
gemini_web_ui__GTCLZC_0070,gemini_web_ui,3.6 Flash,web_ui_selected_model,GTCL_003,MC,mitigated,conversational,3,3,1,1,1,1,6,3,direct_clarification
gemini_web_ui__GTCLZC_0071,gemini_web_ui,3.6 Flash,web_ui_selected_model,GTCL_010,DI,direct,institutional,2,2,2,1,1,1,5,1,collaborative_problem_solving
gemini_web_ui__GTCLZC_0072,gemini_web_ui,3.6 Flash,web_ui_selected_model,GTCL_002,MI,mitigated,institutional,1,4,1,1,1,1,6,1,direct_clarification
gemini_web_ui__GTCLZC_0073,gemini_web_ui,3.6 Flash,web_ui_selected_model,GTCL_008,MI,mitigated,institutional,1,5,1,1,1,1,6,1,direct_clarification
gemini_web_ui__GTCLZC_0074,gemini_web_ui,3.6 Flash,web_ui_selected_model,GTCL_008,DI,direct,institutional,3,5,2,1,1,1,5,1,direct_clarification
gemini_web_ui__GTCLZC_0075,gemini_web_ui,3.6 Flash,web_ui_selected_model,GTCL_003,DI,direct,institutional,2,3,1,1,1,1,5,3,direct_clarification
gemini_web_ui__GTCLZC_0076,gemini_web_ui,3.6 Flash,web_ui_selected_model,GTCL_007,DI,direct,institutional,3,4,2,1,1,1,5,1,collaborative_problem_solving
gemini_web_ui__GTCLZC_0077,gemini_web_ui,3.6 Flash,web_ui_selected_model,GTCL_003,DC,direct,conversational,3,3,1,1,1,1,5,3,direct_clarification
gemini_web_ui__GTCLZC_0078,gemini_web_ui,3.6 Flash,web_ui_selected_model,GTCL_002,MI,mitigated,institutional,2,4,1,1,1,1,6,1,direct_clarification
gemini_web_ui__GTCLZC_0079,gemini_web_ui,3.6 Flash,web_ui_selected_model,GTCL_009,MC,mitigated,conversational,1,5,2,1,1,1,6,1,direct_clarification
gemini_web_ui__GTCLZC_0080,gemini_web_ui,3.6 Flash,web_ui_selected_model,GTCL_004,DC,direct,conversational,1,5,2,1,1,1,5,1,direct_clarification
gemini_web_ui__GTCLZC_0081,gemini_web_ui,3.6 Flash,web_ui_selected_model,GTCL_007,DI,direct,institutional,1,4,2,1,1,1,5,1,collaborative_problem_solving
gemini_web_ui__GTCLZC_0082,gemini_web_ui,3.6 Flash,web_ui_selected_model,GTCL_007,MC,mitigated,conversational,3,4,2,1,1,1,6,1,collaborative_problem_solving
gemini_web_ui__GTCLZC_0083,gemini_web_ui,3.6 Flash,web_ui_selected_model,GTCL_006,DC,direct,conversational,2,4,2,1,1,1,6,1,collaborative_problem_solving
gemini_web_ui__GTCLZC_0084,gemini_web_ui,3.6 Flash,web_ui_selected_model,GTCL_003,MC,mitigated,conversational,1,5,2,1,1,1,5,1,direct_clarification
gemini_web_ui__GTCLZC_0085,gemini_web_ui,3.6 Flash,web_ui_selected_model,GTCL_009,DC,direct,conversational,3,5,2,1,1,1,5,1,direct_clarification
gemini_web_ui__GTCLZC_0086,gemini_web_ui,3.6 Flash,web_ui_selected_model,GTCL_010,MI,mitigated,institutional,2,2,2,1,1,1,6,1,collaborative_problem_solving
gemini_web_ui__GTCLZC_0087,gemini_web_ui,3.6 Flash,web_ui_selected_model,GTCL_003,MI,mitigated,institutional,2,3,1,1,1,1,6,3,direct_clarification
gemini_web_ui__GTCLZC_0088,gemini_web_ui,3.6 Flash,web_ui_selected_model,GTCL_003,DC,direct,conversational,1,3,1,1,1,1,5,3,direct_clarification
gemini_web_ui__GTCLZC_0089,gemini_web_ui,3.6 Flash,web_ui_selected_model,GTCL_001,MC,mitigated,conversational,2,3,1,1,1,1,5,3,direct_clarification
gemini_web_ui__GTCLZC_0090,gemini_web_ui,3.6 Flash,web_ui_selected_model,GTCL_010,DC,direct,conversational,2,5,2,1,1,1,6,1,direct_clarification
gemini_web_ui__GTCLZC_0091,gemini_web_ui,3.6 Flash,web_ui_selected_model,GTCL_006,MC,mitigated,conversational,2,5,2,1,1,1,6,1,direct_clarification
gemini_web_ui__GTCLZC_0092,gemini_web_ui,3.6 Flash,web_ui_selected_model,GTCL_008,DC,direct,conversational,3,5,2,1,1,1,6,1,direct_clarification
gemini_web_ui__GTCLZC_0093,gemini_web_ui,3.6 Flash,web_ui_selected_model,GTCL_007,DC,direct,conversational,2,5,2,1,1,1,6,1,direct_clarification
gemini_web_ui__GTCLZC_0094,gemini_web_ui,3.6 Flash,web_ui_selected_model,GTCL_007,MI,mitigated,institutional,3,5,2,1,1,1,6,1,direct_clarification
gemini_web_ui__GTCLZC_0095,gemini_web_ui,3.6 Flash,web_ui_selected_model,GTCL_005,DI,direct,institutional,1,4,2,1,1,1,5,1,collaborative_problem_solving
gemini_web_ui__GTCLZC_0096,gemini_web_ui,3.6 Flash,web_ui_selected_model,GTCL_010,MI,mitigated,institutional,1,4,2,1,1,1,5,1,collaborative_problem_solving
gemini_web_ui__GTCLZC_0097,gemini_web_ui,3.6 Flash,web_ui_selected_model,GTCL_008,DC,direct,conversational,2,2,2,1,1,1,6,1,collaborative_problem_solving
gemini_web_ui__GTCLZC_0098,gemini_web_ui,3.6 Flash,web_ui_selected_model,GTCL_003,MI,mitigated,institutional,1,3,1,1,1,1,6,3,direct_clarification
gemini_web_ui__GTCLZC_0099,gemini_web_ui,3.6 Flash,web_ui_selected_model,GTCL_001,DI,direct,institutional,1,5,2,1,1,1,5,1,direct_clarification
gemini_web_ui__GTCLZC_0100,gemini_web_ui,3.6 Flash,web_ui_selected_model,GTCL_005,MI,mitigated,institutional,3,4,2,1,1,1,6,1,collaborative_problem_solving
gemini_web_ui__GTCLZC_0101,gemini_web_ui,3.6 Flash,web_ui_selected_model,GTCL_010,DI,direct,institutional,1,2,2,1,1,1,5,1,collaborative_problem_solving
gemini_web_ui__GTCLZC_0102,gemini_web_ui,3.6 Flash,web_ui_selected_model,GTCL_006,DI,direct,institutional,3,5,2,1,1,1,5,1,direct_clarification
gemini_web_ui__GTCLZC_0103,gemini_web_ui,3.6 Flash,web_ui_selected_model,GTCL_004,MC,mitigated,conversational,1,5,2,1,1,1,6,1,direct_clarification
gemini_web_ui__GTCLZC_0104,gemini_web_ui,3.6 Flash,web_ui_selected_model,GTCL_008,MC,mitigated,conversational,1,5,1,1,1,1,6,1,direct_clarification
gemini_web_ui__GTCLZC_0105,gemini_web_ui,3.6 Flash,web_ui_selected_model,GTCL_003,DC,direct,conversational,2,3,1,1,1,1,5,3,direct_clarification
gemini_web_ui__GTCLZC_0106,gemini_web_ui,3.6 Flash,web_ui_selected_model,GTCL_007,MC,mitigated,conversational,2,3,1,1,1,1,5,3,direct_clarification
gemini_web_ui__GTCLZC_0107,gemini_web_ui,3.6 Flash,web_ui_selected_model,GTCL_004,MI,mitigated,institutional,1,4,2,1,1,1,6,1,collaborative_problem_solving
gemini_web_ui__GTCLZC_0108,gemini_web_ui,3.6 Flash,web_ui_selected_model,GTCL_005,MC,mitigated,conversational,3,4,2,1,1,1,6,1,collaborative_problem_solving
gemini_web_ui__GTCLZC_0109,gemini_web_ui,3.6 Flash,web_ui_selected_model,GTCL_010,MC,mitigated,conversational,1,4,2,1,1,1,6,1,collaborative_problem_solving
gemini_web_ui__GTCLZC_0110,gemini_web_ui,3.6 Flash,web_ui_selected_model,GTCL_002,DC,direct,conversational,1,5,2,1,1,1,5,1,direct_clarification
gemini_web_ui__GTCLZC_0111,gemini_web_ui,3.6 Flash,web_ui_selected_model,GTCL_003,DI,direct,institutional,1,3,1,1,1,1,5,3,direct_clarification
gemini_web_ui__GTCLZC_0112,gemini_web_ui,3.6 Flash,web_ui_selected_model,GTCL_001,DI,direct,institutional,2,5,2,1,1,1,5,1,direct_clarification
gemini_web_ui__GTCLZC_0113,gemini_web_ui,3.6 Flash,web_ui_selected_model,GTCL_009,MI,mitigated,institutional,2,5,2,1,1,1,6,1,direct_clarification
gemini_web_ui__GTCLZC_0114,gemini_web_ui,3.6 Flash,web_ui_selected_model,GTCL_009,DC,direct,conversational,1,5,2,1,1,1,5,1,direct_clarification
gemini_web_ui__GTCLZC_0115,gemini_web_ui,3.6 Flash,web_ui_selected_model,GTCL_009,DI,direct,institutional,2,5,2,1,1,1,5,1,direct_clarification
gemini_web_ui__GTCLZC_0116,gemini_web_ui,3.6 Flash,web_ui_selected_model,GTCL_008,DI,direct,institutional,2,5,2,1,1,1,5,1,direct_clarification
gemini_web_ui__GTCLZC_0117,gemini_web_ui,3.6 Flash,web_ui_selected_model,GTCL_003,MI,mitigated,institutional,3,5,1,1,1,1,5,1,direct_clarification
gemini_web_ui__GTCLZC_0118,gemini_web_ui,3.6 Flash,web_ui_selected_model,GTCL_010,MC,mitigated,conversational,2,5,1,1,1,1,5,1,direct_clarification
gemini_web_ui__GTCLZC_0119,gemini_web_ui,3.6 Flash,web_ui_selected_model,GTCL_006,MI,mitigated,institutional,2,2,2,1,1,1,6,1,collaborative_problem_solving
gemini_web_ui__GTCLZC_0120,gemini_web_ui,3.6 Flash,web_ui_selected_model,GTCL_008,DI,direct,institutional,1,5,1,1,1,1,5,1,direct_clarification
