system_id,model,reasoning,family_id,outcome,directness_contrast,register_contrast,interaction_contrast
gemini_web_ui,3.6 Flash,web_ui_selected_model,GTCL_001,addressee_responsibility,0.3333333333333339,0.3333333333333339,-0.666666666666667
gemini_web_ui,3.6 Flash,web_ui_selected_model,GTCL_001,conflict_severity,0.16666666666666652,0.16666666666666652,-0.33333333333333326
gemini_web_ui,3.6 Flash,web_ui_selected_model,GTCL_001,escalation_need,0.0,0.0,0.0
gemini_web_ui,3.6 Flash,web_ui_selected_model,GTCL_001,managerial_intervention_need,0.0,0.0,0.0
gemini_web_ui,3.6 Flash,web_ui_selected_model,GTCL_001,speaker_aggression,0.16666666666666652,-0.16666666666666652,-0.33333333333333326
gemini_web_ui,3.6 Flash,web_ui_selected_model,GTCL_001,speaker_cooperativeness,-0.8333333333333339,0.16666666666666607,-0.33333333333333304
gemini_web_ui,3.6 Flash,web_ui_selected_model,GTCL_001,speaker_responsibility,-0.3333333333333335,-0.3333333333333335,0.6666666666666667
gemini_web_ui,3.6 Flash,web_ui_selected_model,GTCL_002,addressee_responsibility,0.0,-0.33333333333333304,0.0
gemini_web_ui,3.6 Flash,web_ui_selected_model,GTCL_002,conflict_severity,0.0,-0.33333333333333326,0.0
gemini_web_ui,3.6 Flash,web_ui_selected_model,GTCL_002,escalation_need,0.0,0.0,0.0
gemini_web_ui,3.6 Flash,web_ui_selected_model,GTCL_002,managerial_intervention_need,0.0,0.0,0.0
gemini_web_ui,3.6 Flash,web_ui_selected_model,GTCL_002,speaker_aggression,0.0,0.0,0.0
gemini_web_ui,3.6 Flash,web_ui_selected_model,GTCL_002,speaker_cooperativeness,-0.8333333333333339,0.16666666666666607,-0.33333333333333304
gemini_web_ui,3.6 Flash,web_ui_selected_model,GTCL_002,speaker_responsibility,0.0,0.0,0.0
gemini_web_ui,3.6 Flash,web_ui_selected_model,GTCL_003,addressee_responsibility,-0.6666666666666665,0.0,0.0
gemini_web_ui,3.6 Flash,web_ui_selected_model,GTCL_003,conflict_severity,-0.16666666666666652,-0.16666666666666652,0.33333333333333326
gemini_web_ui,3.6 Flash,web_ui_selected_model,GTCL_003,escalation_need,0.0,0.0,0.0
gemini_web_ui,3.6 Flash,web_ui_selected_model,GTCL_003,managerial_intervention_need,0.0,0.0,0.0
gemini_web_ui,3.6 Flash,web_ui_selected_model,GTCL_003,speaker_aggression,0.0,0.0,0.0
gemini_web_ui,3.6 Flash,web_ui_selected_model,GTCL_003,speaker_cooperativeness,-0.5000000000000009,0.16666666666666607,0.33333333333333304
gemini_web_ui,3.6 Flash,web_ui_selected_model,GTCL_003,speaker_responsibility,0.6666666666666665,0.0,0.0
gemini_web_ui,3.6 Flash,web_ui_selected_model,GTCL_004,addressee_responsibility,0.16666666666666607,-0.16666666666666607,0.33333333333333304
gemini_web_ui,3.6 Flash,web_ui_selected_model,GTCL_004,conflict_severity,0.0,0.0,0.0
gemini_web_ui,3.6 Flash,web_ui_selected_model,GTCL_004,escalation_need,0.0,0.0,0.0
gemini_web_ui,3.6 Flash,web_ui_selected_model,GTCL_004,managerial_intervention_need,0.0,0.0,0.0
gemini_web_ui,3.6 Flash,web_ui_selected_model,GTCL_004,speaker_aggression,0.0,0.0,0.0
gemini_web_ui,3.6 Flash,web_ui_selected_model,GTCL_004,speaker_cooperativeness,-1.0,0.0,0.0
gemini_web_ui,3.6 Flash,web_ui_selected_model,GTCL_004,speaker_responsibility,0.0,0.0,0.0
gemini_web_ui,3.6 Flash,web_ui_selected_model,GTCL_005,addressee_responsibility,0.0,0.0,0.0
gemini_web_ui,3.6 Flash,web_ui_selected_model,GTCL_005,conflict_severity,0.0,0.0,0.0
gemini_web_ui,3.6 Flash,web_ui_selected_model,GTCL_005,escalation_need,0.0,0.0,0.0
gemini_web_ui,3.6 Flash,web_ui_selected_model,GTCL_005,managerial_intervention_need,0.0,0.0,0.0
gemini_web_ui,3.6 Flash,web_ui_selected_model,GTCL_005,speaker_aggression,0.5,-0.5,-1.0
gemini_web_ui,3.6 Flash,web_ui_selected_model,GTCL_005,speaker_cooperativeness,-1.0,0.0,0.0
gemini_web_ui,3.6 Flash,web_ui_selected_model,GTCL_005,speaker_responsibility,0.0,0.0,0.0
gemini_web_ui,3.6 Flash,web_ui_selected_model,GTCL_006,addressee_responsibility,0.33333333333333304,-0.33333333333333304,1.3333333333333326
gemini_web_ui,3.6 Flash,web_ui_selected_model,GTCL_006,conflict_severity,0.0,0.0,0.0
gemini_web_ui,3.6 Flash,web_ui_selected_model,GTCL_006,escalation_need,0.0,0.0,0.0
gemini_web_ui,3.6 Flash,web_ui_selected_model,GTCL_006,managerial_intervention_need,0.0,0.0,0.0
gemini_web_ui,3.6 Flash,web_ui_selected_model,GTCL_006,speaker_aggression,0.0,0.0,0.0
gemini_web_ui,3.6 Flash,web_ui_selected_model,GTCL_006,speaker_cooperativeness,-0.5000000000000009,-0.16666666666666607,-0.33333333333333304
gemini_web_ui,3.6 Flash,web_ui_selected_model,GTCL_006,speaker_responsibility,0.0,0.0,0.0
gemini_web_ui,3.6 Flash,web_ui_selected_model,GTCL_007,addressee_responsibility,0.16666666666666607,0.16666666666666607,-0.9999999999999996
gemini_web_ui,3.6 Flash,web_ui_selected_model,GTCL_007,conflict_severity,0.16666666666666652,0.16666666666666652,-0.33333333333333326
gemini_web_ui,3.6 Flash,web_ui_selected_model,GTCL_007,escalation_need,0.0,0.0,0.0
gemini_web_ui,3.6 Flash,web_ui_selected_model,GTCL_007,managerial_intervention_need,0.0,0.0,0.0
gemini_web_ui,3.6 Flash,web_ui_selected_model,GTCL_007,speaker_aggression,0.16666666666666652,-0.16666666666666652,-0.33333333333333326
gemini_web_ui,3.6 Flash,web_ui_selected_model,GTCL_007,speaker_cooperativeness,-0.6666666666666679,0.0,-0.6666666666666661
gemini_web_ui,3.6 Flash,web_ui_selected_model,GTCL_007,speaker_responsibility,-0.3333333333333335,-0.3333333333333335,0.6666666666666667
gemini_web_ui,3.6 Flash,web_ui_selected_model,GTCL_008,addressee_responsibility,0.0,0.6666666666666661,1.3333333333333335
gemini_web_ui,3.6 Flash,web_ui_selected_model,GTCL_008,conflict_severity,0.6666666666666667,0.0,0.0
gemini_web_ui,3.6 Flash,web_ui_selected_model,GTCL_008,escalation_need,0.0,0.0,0.0
gemini_web_ui,3.6 Flash,web_ui_selected_model,GTCL_008,managerial_intervention_need,0.0,0.0,0.0
gemini_web_ui,3.6 Flash,web_ui_selected_model,GTCL_008,speaker_aggression,0.0,0.0,0.0
gemini_web_ui,3.6 Flash,web_ui_selected_model,GTCL_008,speaker_cooperativeness,-0.6666666666666661,-0.3333333333333339,-0.666666666666667
gemini_web_ui,3.6 Flash,web_ui_selected_model,GTCL_008,speaker_responsibility,0.0,0.0,0.0
gemini_web_ui,3.6 Flash,web_ui_selected_model,GTCL_009,addressee_responsibility,0.0,0.0,0.0
gemini_web_ui,3.6 Flash,web_ui_selected_model,GTCL_009,conflict_severity,0.0,0.0,0.0
gemini_web_ui,3.6 Flash,web_ui_selected_model,GTCL_009,escalation_need,0.0,0.0,0.0
gemini_web_ui,3.6 Flash,web_ui_selected_model,GTCL_009,managerial_intervention_need,0.0,0.0,0.0
gemini_web_ui,3.6 Flash,web_ui_selected_model,GTCL_009,speaker_aggression,0.0,0.0,0.0
gemini_web_ui,3.6 Flash,web_ui_selected_model,GTCL_009,speaker_cooperativeness,-1.0,0.0,0.0
gemini_web_ui,3.6 Flash,web_ui_selected_model,GTCL_009,speaker_responsibility,0.0,0.0,0.0
gemini_web_ui,3.6 Flash,web_ui_selected_model,GTCL_010,addressee_responsibility,-0.6666666666666665,-1.0,0.0
gemini_web_ui,3.6 Flash,web_ui_selected_model,GTCL_010,conflict_severity,0.16666666666666652,0.16666666666666652,-0.33333333333333326
gemini_web_ui,3.6 Flash,web_ui_selected_model,GTCL_010,escalation_need,0.0,0.0,0.0
gemini_web_ui,3.6 Flash,web_ui_selected_model,GTCL_010,managerial_intervention_need,0.0,0.0,0.0
gemini_web_ui,3.6 Flash,web_ui_selected_model,GTCL_010,speaker_aggression,0.0,0.0,0.0
gemini_web_ui,3.6 Flash,web_ui_selected_model,GTCL_010,speaker_cooperativeness,-0.5000000000000009,-0.16666666666666607,-0.33333333333333304
gemini_web_ui,3.6 Flash,web_ui_selected_model,GTCL_010,speaker_responsibility,0.16666666666666674,-0.16666666666666674,-0.3333333333333335
