family_id,domain,role_relation,condition,directness,register,word_count,numbers,temporal_tokens,high_risk_markers,automatic_family_flags,message,manual_semantic_equivalence,manual_factual_invariance,manual_pragmatic_manipulation_clear,manual_confounds_absent,manual_notes
GTCL_001,deadline_coordination,peer,DC,direct,conversational,34,,,{},,You changed the slide deck after our review cutoff without telling me. That made me redo work I had already finished. We need to agree how we communicate late changes before the next deadline.,,,,,
GTCL_001,deadline_coordination,peer,DI,direct,institutional,36,,,{},,You revised the slide deck after the agreed review cutoff without notifying me. This resulted in duplicated work on my side. We need to establish a process for communicating late-stage changes before the next deadline.,,,,,
GTCL_001,deadline_coordination,peer,MC,mitigated,conversational,41,,,{},,"I wanted to flag that you changed the slide deck after our review cutoff without telling me, which meant I had to redo work I had already finished. Could we agree on how to communicate late changes before the next deadline?",,,,,
GTCL_001,deadline_coordination,peer,MI,mitigated,institutional,40,,,{},,"I wanted to raise that you revised the slide deck after the agreed review cutoff without notifying me, which resulted in duplicated work on my side. Could we establish a process for communicating late-stage changes before the next deadline?",,,,,
GTCL_002,credit_attribution,peer,DC,direct,conversational,24,,,{},,"I contributed the analysis used in three of these slides, but my contribution is not credited. Please add my contribution to the presentation materials.",,,,,
GTCL_002,credit_attribution,peer,DI,direct,institutional,25,,,{},,"I contributed the analysis used in three of these slides, but that contribution is not acknowledged in the presentation materials. Please add the appropriate attribution.",,,,,
GTCL_002,credit_attribution,peer,MC,mitigated,conversational,25,,,{},,I noticed that the analysis I contributed to three of these slides is not credited. Could you please add my contribution to the presentation materials?,,,,,
GTCL_002,credit_attribution,peer,MI,mitigated,institutional,26,,,{},,I noticed that the analysis I contributed to three of these slides is not acknowledged in the presentation materials. Could you please add the appropriate attribution?,,,,,
GTCL_003,task_ownership,peer,DC,direct,conversational,28,,,{},,"The testing checklist is still unfinished. I understood that you were responsible for it, and you understood that I was. We need to agree who will complete it.",,,,,
GTCL_003,task_ownership,peer,DI,direct,institutional,29,,,{},,"The testing checklist remains incomplete. I understood that responsibility for it sat with you, while you understood that it sat with me. We need to establish ownership for completion.",,,,,
GTCL_003,task_ownership,peer,MC,mitigated,conversational,30,,,{},,"It looks like we had different understandings about the testing checklist. I thought you were responsible for it, and you thought I was. Could we agree who will complete it?",,,,,
GTCL_003,task_ownership,peer,MI,mitigated,institutional,34,,,{},,"It appears that we had different understandings regarding responsibility for the testing checklist. I understood that it sat with you, while you understood that it sat with me. Could we establish ownership for completion?",,,,,
GTCL_004,meeting_participation,peer,DC,direct,conversational,18,,,{},,You have interrupted me several times before I finished my point. Please let me finish before you respond.,,,,,
GTCL_004,meeting_participation,peer,DI,direct,institutional,21,,,{},,You have spoken over me several times before I completed my point. Please allow me to complete my contribution before responding.,,,,,
GTCL_004,meeting_participation,peer,MC,mitigated,conversational,25,,,{},,I wanted to mention that you have interrupted me several times before I finished my point. Could you please let me finish before you respond?,,,,,
GTCL_004,meeting_participation,peer,MI,mitigated,institutional,28,,,{},,I wanted to raise that you have spoken over me several times before I completed my point. Could you please allow me to complete my contribution before responding?,,,,,
GTCL_005,workload_allocation,upward,DC,direct,conversational,29,,,{},,I already told you that my current assignments fill my capacity this week. This additional task does not fit without changing priorities. We need to decide what should move.,,,,,
GTCL_005,workload_allocation,upward,DI,direct,institutional,31,,,{},,I previously reported that my current assignments use my available capacity for this week. This additional assignment cannot be accommodated without reprioritization. We need to determine which existing priority should change.,,,,,
GTCL_005,workload_allocation,upward,MC,mitigated,conversational,33,,,{},,I wanted to flag that I had already said my current assignments fill my capacity this week. This additional task does not fit unless we change priorities. Could we decide what should move?,,,,,
GTCL_005,workload_allocation,upward,MI,mitigated,institutional,34,,,{},,I wanted to raise that I previously reported my current assignments use my available capacity for this week. This additional assignment cannot be accommodated without reprioritization. Could we determine which existing priority should change?,,,,,
GTCL_006,decision_transparency,upward,DC,direct,conversational,22,,,{},,"We agreed on the original implementation approach, and it has now been changed without an explanation. Please explain why the approach changed.",,,,,
GTCL_006,decision_transparency,upward,DI,direct,institutional,23,,,{},,"We previously agreed on the original implementation approach, which has now been replaced without an explanation. Please provide the rationale for the change.",,,,,
GTCL_006,decision_transparency,upward,MC,mitigated,conversational,26,,,{},,"I wanted to ask about the implementation approach we agreed on, which has now been changed without an explanation. Could you please explain why it changed?",,,,,
GTCL_006,decision_transparency,upward,MI,mitigated,institutional,29,,,{},,"I wanted to ask about the implementation approach we previously agreed on, which has now been replaced without an explanation. Could you please provide the rationale for the change?",,,,,
GTCL_007,deadline_feasibility,upward,DC,direct,conversational,28,,thursday,{},,"I already have two substantial deliverables due Thursday, and this adds a third. I cannot complete all three by Thursday. We need to change a deadline or priority.",,,,,
GTCL_007,deadline_feasibility,upward,DI,direct,institutional,33,,thursday,{},,"I already have two substantial deliverables scheduled for Thursday, and this assignment creates a third concurrent deadline. Completing all three by Thursday is not feasible. We need to revise a deadline or priority.",,,,,
GTCL_007,deadline_feasibility,upward,MC,mitigated,conversational,32,,thursday,{},,"I wanted to flag that I already have two substantial deliverables due Thursday, and this adds a third. I cannot complete all three by Thursday. Could we change a deadline or priority?",,,,,
GTCL_007,deadline_feasibility,upward,MI,mitigated,institutional,37,,thursday,{},,"I wanted to raise that I already have two substantial deliverables scheduled for Thursday, and this assignment creates a third concurrent deadline. Completing all three by Thursday is not feasible. Could we revise a deadline or priority?",,,,,
GTCL_008,missed_handoff,downward,DC,direct,conversational,24,,monday,{},,The dataset was due Monday morning and has not been delivered. Please tell me when you will provide it so the analysis can begin.,,,,,
GTCL_008,missed_handoff,downward,DI,direct,institutional,27,,monday,{},,The dataset was scheduled for handoff Monday morning and has not been delivered. Please confirm when it will be provided so the next analysis stage can begin.,,,,,
GTCL_008,missed_handoff,downward,MC,mitigated,conversational,34,,monday,{},,I wanted to check on the dataset that was due Monday morning because it has not arrived yet. Could you please let me know when you will provide it so the analysis can begin?,,,,,
GTCL_008,missed_handoff,downward,MI,mitigated,institutional,36,,monday,{},,I wanted to follow up on the dataset scheduled for handoff Monday morning because it has not yet been delivered. Could you please confirm when it will be provided so the next analysis stage can begin?,,,,,
GTCL_009,process_compliance,downward,DC,direct,conversational,22,,,{},,You sent the client-facing figures before the agreed internal review. Please follow the review step before sending figures outside the team.,,,,,
GTCL_009,process_compliance,downward,DI,direct,institutional,22,,,{},,You sent the client-facing figures before completion of the agreed internal review. Please follow the established review process before external distribution.,,,,,
GTCL_009,process_compliance,downward,MC,mitigated,conversational,29,,,{},,I wanted to raise that you sent the client-facing figures before the agreed internal review. Could you please follow the review step before sending figures outside the team?,,,,,
GTCL_009,process_compliance,downward,MI,mitigated,institutional,29,,,{},,I wanted to raise that you sent the client-facing figures before completion of the agreed internal review. Could you please follow the established review process before external distribution?,,,,,
GTCL_010,resource_allocation,downward,DC,direct,conversational,32,,,{},,"We have two licenses for three requests, and I allocated them based on the immediate project tasks. You disagree with that allocation. Please explain what alternative basis you think we should use.",,,,,
GTCL_010,resource_allocation,downward,DI,direct,institutional,30,,,{},,"We have two licenses available for three requests, and I allocated them according to immediate project requirements. You disagree with that allocation. Please explain what alternative allocation criterion you propose.",,,,,
GTCL_010,resource_allocation,downward,MC,mitigated,conversational,39,,,{},,"I wanted to discuss the allocation. We have two licenses for three requests, and I allocated them based on the immediate project tasks. You disagree with that allocation. Could you explain what alternative basis you think we should use?",,,,,
GTCL_010,resource_allocation,downward,MI,mitigated,institutional,38,,,{},,"I wanted to discuss the allocation. We have two licenses available for three requests, and I allocated them according to immediate project requirements. You disagree with that allocation. Could you please explain what alternative allocation criterion you propose?",,,,,
